{
  "num_queries": 123,
  "corpus_size": 621,
  "methods": {
    "BM25": {
      "ndcg@10": 0.4411518207183021,
      "mrr@10": 0.4204505945771722,
      "recall@10": 0.5365853658536586,
      "recall@100": 0.7479674796747967,
      "per_query_ndcg": [
        0.0,
        0.0,
        0.38685280723454163,
        1.0,
        0.0,
        0.0,
        1.0,
        1.0,
        0.0,
        1.0,
        1.0,
        1.0,
        1.0,
        0.5,
        1.0,
        1.0,
        1.0,
        1.0,
        1.0,
        1.0,
        1.0,
        0.0,
        1.0,
        1.0,
        1.0,
        1.0,
        1.0,
        1.0,
        1.0,
        0.0,
        1.0,
        1.0,
        0.0,
        1.0,
        0.0,
        0.0,
        0.0,
        0.6309297535714575,
        1.0,
        1.0,
        0.0,
        1.0,
        1.0,
        0.0,
        1.0,
        1.0,
        0.0,
        0.0,
        0.38685280723454163,
        1.0,
        0.38685280723454163,
        1.0,
        0.0,
        0.3562071871080222,
        0.5,
        0.43067655807339306,
        1.0,
        1.0,
        0.0,
        0.0,
        0.0,
        0.0,
        0.0,
        0.0,
        0.6309297535714575,
        0.43067655807339306,
        0.0,
        0.0,
        0.0,
        0.0,
        0.0,
        0.0,
        0.0,
        0.0,
        0.0,
        0.0,
        0.0,
        0.0,
        0.0,
        0.0,
        0.38685280723454163,
        0.0,
        0.0,
        0.0,
        0.2890648263178879,
        0.0,
        1.0,
        0.6309297535714575,
        0.0,
        0.6309297535714575,
        0.0,
        0.0,
        0.0,
        0.0,
        0.0,
        0.0,
        1.0,
        0.0,
        1.0,
        0.0,
        0.6309297535714575,
        0.43067655807339306,
        1.0,
        0.2890648263178879,
        0.0,
        1.0,
        0.31546487678572877,
        0.0,
        1.0,
        0.0,
        0.0,
        0.5,
        0.0,
        1.0,
        1.0,
        0.6309297535714575,
        1.0,
        0.0,
        1.0,
        0.38685280723454163,
        0.5,
        0.0,
        0.0
      ],
      "per_query_mrr": [
        0.058823529411764705,
        0.07692307692307693,
        0.2,
        1.0,
        0.021739130434782608,
        0.004291845493562232,
        1.0,
        1.0,
        0.023255813953488372,
        1.0,
        1.0,
        1.0,
        1.0,
        0.3333333333333333,
        1.0,
        1.0,
        1.0,
        1.0,
        1.0,
        1.0,
        1.0,
        0.043478260869565216,
        1.0,
        1.0,
        1.0,
        1.0,
        1.0,
        1.0,
        1.0,
        0.08333333333333333,
        1.0,
        1.0,
        0.09090909090909091,
        1.0,
        0.00303951367781155,
        0.0020325203252032522,
        0.0017761989342806395,
        0.5,
        1.0,
        1.0,
        0.015384615384615385,
        1.0,
        1.0,
        0.008064516129032258,
        1.0,
        1.0,
        0.0028653295128939827,
        0.013333333333333334,
        0.2,
        1.0,
        0.2,
        1.0,
        0.0021141649048625794,
        0.16666666666666666,
        0.3333333333333333,
        0.25,
        1.0,
        1.0,
        0.003472222222222222,
        0.002531645569620253,
        0.0024154589371980675,
        0.0016233766233766235,
        0.0018587360594795538,
        0.02040816326530612,
        0.5,
        0.25,
        0.002638522427440633,
        0.001610305958132045,
        0.004291845493562232,
        0.0016611295681063123,
        0.001658374792703151,
        0.0034129692832764505,
        0.0022271714922048997,
        0.002,
        0.0016835016835016834,
        0.0022727272727272726,
        0.0017825311942959,
        0.023255813953488372,
        0.004901960784313725,
        0.008928571428571428,
        0.2,
        0.07692307692307693,
        0.008403361344537815,
        0.02564102564102564,
        0.1,
        0.0033333333333333335,
        1.0,
        0.5,
        0.024390243902439025,
        0.5,
        0.017241379310344827,
        0.03333333333333333,
        0.02564102564102564,
        0.07142857142857142,
        0.016129032258064516,
        0.09090909090909091,
        1.0,
        0.00847457627118644,
        1.0,
        0.008771929824561403,
        0.5,
        0.25,
        1.0,
        0.1,
        0.011627906976744186,
        1.0,
        0.125,
        0.02127659574468085,
        1.0,
        0.08333333333333333,
        0.025,
        0.3333333333333333,
        0.0031545741324921135,
        1.0,
        1.0,
        0.5,
        1.0,
        0.0033003300330033004,
        1.0,
        0.2,
        0.3333333333333333,
        0.025,
        0.011111111111111112
      ],
      "method": "BM25"
    },
    "all-mpnet-base-v2": {
      "ndcg@10": 0.5262697952247392,
      "mrr@10": 0.5013619968062247,
      "recall@10": 0.6260162601626016,
      "recall@100": 0.7642276422764228,
      "per_query_ndcg": [
        0.6309297535714575,
        1.0,
        1.0,
        1.0,
        1.0,
        0.5,
        1.0,
        1.0,
        1.0,
        1.0,
        1.0,
        1.0,
        0.6309297535714575,
        1.0,
        1.0,
        1.0,
        1.0,
        0.0,
        1.0,
        1.0,
        1.0,
        0.0,
        1.0,
        1.0,
        1.0,
        1.0,
        1.0,
        1.0,
        1.0,
        0.0,
        1.0,
        1.0,
        0.6309297535714575,
        1.0,
        0.5,
        1.0,
        1.0,
        0.6309297535714575,
        0.6309297535714575,
        1.0,
        1.0,
        1.0,
        1.0,
        0.6309297535714575,
        1.0,
        1.0,
        1.0,
        1.0,
        1.0,
        1.0,
        1.0,
        1.0,
        1.0,
        1.0,
        1.0,
        0.6309297535714575,
        1.0,
        1.0,
        0.0,
        0.0,
        0.0,
        0.0,
        0.0,
        0.0,
        0.0,
        0.0,
        0.0,
        0.0,
        0.0,
        0.0,
        0.0,
        0.0,
        0.0,
        0.0,
        0.0,
        0.0,
        0.0,
        0.38685280723454163,
        0.6309297535714575,
        0.3333333333333333,
        0.0,
        1.0,
        0.0,
        1.0,
        0.43067655807339306,
        0.0,
        0.0,
        0.0,
        0.2890648263178879,
        0.0,
        0.6309297535714575,
        0.0,
        0.38685280723454163,
        0.0,
        0.0,
        1.0,
        1.0,
        0.0,
        0.5,
        0.0,
        0.0,
        0.31546487678572877,
        0.0,
        0.38685280723454163,
        0.0,
        0.6309297535714575,
        0.31546487678572877,
        0.6309297535714575,
        0.6309297535714575,
        0.0,
        0.0,
        0.0,
        0.0,
        0.31546487678572877,
        0.5,
        1.0,
        1.0,
        0.0,
        0.0,
        0.0,
        0.0,
        0.0,
        0.0
      ],