{
  "num_pairs": 76,
  "bm25": {
    "method": "BM25",
    "ndcg@10": 0.7174675745794126,
    "mrr@10": 0.6829712582389983,
    "recall@10": 0.8421052631578947,
    "recall@100": 1.0,
    "per_query_ndcg": [
      0.3562071871080222,
      1.0,
      1.0,
      1.0,
      0.6309297535714575,
      0.5,
      1.0,
      1.0,
      0.6309297535714575,
      1.0,
      1.0,
      1.0,
      1.0,
      1.0,
      1.0,
      1.0,
      1.0,
      1.0,
      1.0,
      1.0,
      1.0,
      1.0,
      1.0,
      1.0,
      1.0,
      1.0,
      1.0,
      1.0,
      1.0,
      1.0,
      1.0,
      1.0,
      0.5,
      1.0,
      0.6309297535714575,
      0.38685280723454163,
      0.0,
      0.6309297535714575,
      1.0,
      1.0,
      1.0,
      1.0,
      1.0,
      0.6309297535714575,
      1.0,
      1.0,
      1.0,
      0.5,
      0.6309297535714575,
      1.0,
      1.0,
      1.0,
      0.3562071871080222,
      1.0,
      1.0,
      1.0,
      1.0,
      1.0,
      0.3333333333333333,
      1.0,
      0.38685280723454163,
      0.0,
      0.0,
      0.0,
      0.38685280723454163,
      0.31546487678572877,
      0.0,
      0.0,
      0.38685280723454163,
      0.0,
      0.0,
      0.0,
      0.0,
      0.0,
      0.0,
      0.3333333333333333
    ]
  },
  "mpnet": {
    "method": "all-mpnet-base-v2",
    "ndcg@10": 0.6998171332381131,
    "mrr@10": 0.6895062564288986,
    "recall@10": 0.7631578947368421,
    "recall@100": 1.0,
    "per_query_ndcg": [
      1.0,
      1.0,
      1.0,
      1.0,
      1.0,
      0.5,
      1.0,
      1.0,
      1.0,
      1.0,
      1.0,
      1.0,
      1.0,
      1.0,
      1.0,
      1.0,
      1.0,
      0.43067655807339306,
      1.0,
      1.0,
      1.0,
      0.0,
      1.0,
      1.0,
      1.0,
      1.0,
      1.0,
      1.0,
      1.0,
      0.0,
      1.0,
      1.0,
      0.5,
      1.0,
      0.5,
      1.0,
      1.0,
      0.6309297535714575,
      0.6309297535714575,
      1.0,
      0.6309297535714575,
      1.0,
      1.0,
      1.0,
      1.0,
      1.0,
      1.0,
      1.0,
      1.0,
      1.0,
      1.0,
      1.0,
      1.0,
      1.0,
      1.0,
      0.6309297535714575,
      1.0,
      1.0,
      0.0,
      0.0,
      0.3010299956639812,
      0.0,
      0.0,
      0.0,
      0.0,
      0.43067655807339306,
      0.0,
      0.0,
      0.0,
      0.0,
      0.0,
      0.0,
      0.0,
      0.0,
      0.0,
      0.0
    ]
  }
}